canonical_repeat_unit	count_repeat_runs_gt_100
AACCCGAACCTAACCCT	2648
ACCACT	2240
AACCGGGATGGATCTGGACTG	2004
AACCCGAACCTAACCT	1668
AACGGTCTGG	1528
AAACCTAACCCG	1516
AACCCGAACCTAACCCGAACCTAACCCT	1494
AACAT	1476
AACGATCTGG	1412
AACCCGAACCTAACCCGAACCTAACCT	1352
AACCCGAACCTAACCCGAACCT	1194
AACGATGTCC	1176
AAAAGTT	1069
AACCCCAACCT	1012
AACGGTGTCC	940
ACCGCTCCAGACCGTGCCAG	900
AACCGAACCT	829
AACGATGTCCAACGATGTCC	753
ACTGG	742
AACTG	726
ACCGCG	686
AACCCCT	685
AAATAAAT	673
AACGATGTCCAACGGTGTCC	670
AACCCGAACCT	656
AACGGTCTGGAACGGTCTGGAACGGTCTGG	626
AACGGTGTCCAACGGTGTCC	617
AACCTAACCT	614
AACGATGTCCAACGATGTCCAACGGTGTCC	508
AACGATGTCCAACGATGTCCAACGATGTCC	504
AACCCG	452
AACCCGAACCTAACCGAACCT	444
ACGCCGTGGG	429
AACGGTGTCCAACGGTGTCCAACGGTGTCC	418
AACCCT	344
AACCCGAACCTAACCTAACCT	320
AACCT	235
